ID,TargetF1,TargetRAUC
ID_TS_NEW_SBZAYD5I,1,0.9920105263157895
ID_TS_NEW_7SPRN3PB,1,0.9815263157894737
ID_TS_NEW_LZOWPHLC,0,0.4511572052401747
ID_TS_NEW_DN6TUF64,0,0.4837772925764192
ID_TS_NEW_95N82M49,0,0.211943231441048
ID_TS_NEW_BFEAVD50,0,0.2956681222707424
ID_TS_NEW_D1E33N0Z,1,0.9544421052631579
ID_TS_NEW_C85XZKDC,0,0.1912838427947598
ID_TS_NEW_1Y90ZQUH,1,0.564966359336976
ID_TS_NEW_MZJ5GJYB,1,0.8679473684210526
ID_TS_NEW_IUD9BRKX,1,0.9928842105263158
ID_TS_NEW_72QFA5EU,1,0.7307789473684211
ID_TS_NEW_47DGP36L,1,0.6084631578947368
ID_TS_NEW_HXTFGEV3,1,0.7823263157894738
ID_TS_NEW_VMPCF9WN,1,0.9326
ID_TS_NEW_NVPXE0VA,0,0.02709606986899563
ID_TS_NEW_8LL4PIL8,1,0.5420631578947368
ID_TS_NEW_HMDZLJIE,0,0.3380742358078602
ID_TS_NEW_PMX7SKJQ,1,0.5635674126317428
ID_TS_NEW_MO6E00DO,1,0.6897157894736842
ID_TS_NEW_2VZE6WN7,0,0.1195196506550218
ID_TS_NEW_SRGNZQZD,0,0.3783056768558952
ID_TS_NEW_1G52IQA5,1,0.7604842105263158
ID_TS_NEW_UGOK73FG,0,0.3402489082969432
ID_TS_NEW_T2466L38,1,0.5228421052631579
ID_TS_NEW_R0Q38OA8,1,0.8819263157894737
ID_TS_NEW_DDBN6OEU,1,0.6128315789473684
ID_TS_NEW_O0U4YHI1,0,0.4054890829694323
ID_TS_NEW_I3F4EPVP,0,0.3119781659388646
ID_TS_NEW_31NYZBQP,0,0.2902314410480349
ID_TS_NEW_MFEBBK67,1,0.9972526315789474
ID_TS_NEW_UX1S7FH5,0,0.2945807860262009
ID_TS_NEW_1Q223ITD,1,0.6110842105263158
ID_TS_NEW_49RPQPQX,1,0.714178947368421
ID_TS_NEW_5CI9XZZC,0,0.1662751091703057
ID_TS_NEW_KW7F7YT4,0,0.2217292576419214
ID_TS_NEW_JRDA0BSJ,1,0.8041684210526316
ID_TS_NEW_1GH47ZMP,1,0.7998000000000001
ID_TS_NEW_SIR5I0GB,0,0.2336899563318777
ID_TS_NEW_LF40N8CH,1,0.9701684210526316
ID_TS_NEW_BRIJYAHA,0,0.1847598253275109
ID_TS_NEW_LP0Z54YQ,1,0.667
ID_TS_NEW_41FI7XCM,1,0.5630315789473684
ID_TS_NEW_APBNYDXR,1,0.8731894736842105
ID_TS_NEW_WZG3T1DJ,1,0.9570631578947368
ID_TS_NEW_YJ8V1JMK,1,0.9640526315789474
ID_TS_NEW_V0T94C5D,1,0.9535684210526316
ID_TS_NEW_0G2STM32,1,0.8496
ID_TS_NEW_1MX99FFB,0,0.3946157205240174
ID_TS_NEW_FQGEDJEM,0,0.2184672489082969
ID_TS_NEW_VS67WH7B,0,0.3511222707423581
ID_TS_NEW_833N4NO5,1,0.833
ID_TS_NEW_5554YU3O,1,0.6905894736842105
ID_TS_NEW_25CF5N3E,0,0.0868995633187773
ID_TS_NEW_WPDJSTG0,1,0.7159263157894737
ID_TS_NEW_DGHY5358,1,0.6137052631578948
ID_TS_NEW_HKVL4CSD,1,0.5219684210526316
ID_TS_NEW_E8HFUOKY,1,0.8845473684210526
ID_TS_NEW_7EP92VXI,1,0.7648526315789475
ID_TS_NEW_KK65JUGM,0,0.1695371179039301
ID_TS_NEW_BVIUX9FH,0,0.427235807860262
ID_TS_NEW_3E95I4NZ,0,0.001
ID_TS_NEW_G76POS4W,0,0.4457205240174672
ID_TS_NEW_EVGCEMI6,1,0.6713684210526316
ID_TS_NEW_02SGGVQX,1,0.9308526315789474
ID_TS_NEW_ANRFV6OD,1,0.6172
ID_TS_NEW_USFCKEAD,1,0.9561894736842105
ID_TS_NEW_VM7G3X94,1,0.5429368421052632
ID_TS_NEW_J9NW1M6J,1,0.8897894736842105
ID_TS_NEW_FDXMYNN9,1,0.7019473684210527
ID_TS_NEW_HUI71UZW,0,0.288056768558952
ID_TS_NEW_1E1L3F3M,1,0.503621052631579
ID_TS_NEW_657RGOA6,0,0.4663799126637554
ID_TS_NEW_MCIWQNMI,1,0.6617578947368421
ID_TS_NEW_91WVZG2W,0,0.2652227074235808
ID_TS_NEW_BJ7S4I1C,1,0.8286315789473684
ID_TS_NEW_PN1MGEY3,0,0.4859519650655021
ID_TS_NEW_NSBFB3EX,0,0.1097336244541485
ID_TS_NEW_4EMFUS6S,1,0.6250631578947369
ID_TS_NEW_365NWLEN,0,0.3652576419213974
ID_TS_NEW_S31BFP0C,1,0.5237157894736842
ID_TS_NEW_TXQLECUZ,0,0.1140829694323144
ID_TS_NEW_EGUYSWOR,0,0.2054192139737991
ID_TS_NEW_NY46P5AJ,0,0.3358995633187773
ID_TS_NEW_5NQZ6IM6,1,0.678357894736842
ID_TS_NEW_0Y4B5NVC,1,0.5604105263157895
ID_TS_NEW_KFYH9796,0,0.1923711790393013
ID_TS_NEW_XWNMFK80,0,0.14017903930131
ID_TS_NEW_YH3UPMDC,1,0.8854210526315789
ID_TS_NEW_RW3MXYQH,1,0.9719157894736843
ID_TS_NEW_91R6IB7E,1,0.5805052631578947
ID_TS_NEW_XGRBPFZK,0,0.2195545851528384
ID_TS_NEW_O5PQ5IUU,0,0.2152052401746725
ID_TS_NEW_08SRYYM6,1,0.6093368421052632
ID_TS_NEW_QJ0YH92G,0,0.09559825327510917
ID_TS_NEW_VVHUJ6MJ,0,0.01948471615720524
ID_TS_NEW_ME49YMX5,0,0.2706593886462882
ID_TS_NEW_E3JMQJPR,1,0.6372947368421052
ID_TS_NEW_HS9LREPN,0,0.357646288209607
ID_TS_NEW_D1X8JYSS,0,0.3761310043668122
ID_TS_NEW_BY6YM2RU,0,0.319589519650655
ID_TS_NEW_IQZOZ5N1,0,0.4152751091703056
ID_TS_NEW_KVPM2TBR,1,0.5044947368421052
ID_TS_NEW_ZLBVEY3T,1,0.8356210526315789
ID_TS_NEW_1Q1GIV3O,1,0.8382421052631579
ID_TS_NEW_V5HPRNCP,1,0.747378947368421
ID_TS_NEW_V4Q5AQIE,1,0.8478526315789474
ID_TS_NEW_A27OEJZD,0,0.1575764192139738
ID_TS_NEW_IC2S6URH,0,0.3522096069868996
ID_TS_NEW_U76GTV2S,1,0.8233894736842104
ID_TS_NEW_ZYGZAKBM,1,0.5516736842105263
ID_TS_NEW_L0FXG04Z,1,0.6058421052631578
ID_TS_NEW_2HUGKCYS,1,0.5097368421052632
ID_TS_NEW_LOS601FR,1,0.8836736842105264
ID_TS_NEW_SCRYJ20E,1,0.7543684210526316
ID_TS_NEW_2QQGF6DK,1,0.7709684210526315
ID_TS_NEW_I394NPY1,1,0.9177473684210526
ID_TS_NEW_DRR5RI5M,0,0.05319213973799126
ID_TS_NEW_S49DLN5E,1,0.6652526315789473
ID_TS_NEW_2BY0U2SX,0,0.07711353711790393
ID_TS_NEW_747ISX6G,1,0.6067157894736842
ID_TS_NEW_O3DKNS93,1,0.7866947368421053
ID_TS_NEW_2DJVFG2T,1,0.7762105263157895
ID_TS_NEW_Z8J9NRN4,0,0.1738864628820961
ID_TS_NEW_DON4XV0Q,1,0.7421368421052632
ID_TS_NEW_XYOUK90U,0,0.06841484716157205
ID_TS_NEW_FN73QJ96,1,0.8111578947368421
ID_TS_NEW_9LLP9XZ8,1,0.996378947368421
ID_TS_NEW_VEYIDDR9,0,0.05645414847161572
ID_TS_NEW_YB883A1Z,0,0.2173799126637554
ID_TS_NEW_COLBY04S,0,0.1749737991266375
ID_TS_NEW_SZNF4Q6I,0,0.07820087336244541
ID_TS_NEW_ABBCZLLX,1,0.5796315789473684
ID_TS_NEW_LS0RCBWG,0,0.08255021834061135
ID_TS_NEW_FMP59ECZ,0,0.3021921397379912
ID_TS_NEW_CUE53TQK,1,0.686221052631579
ID_TS_NEW_ZCTBSC9P,0,0.4337598253275109
ID_TS_NEW_W4F0KV1V,1,0.5490526315789473
ID_TS_NEW_DR1Y0CP2,0,0.04558078602620087
ID_TS_NEW_44C5H1WF,0,0.1314803493449782
ID_TS_NEW_QDJEINI6,1,0.7080631578947368
ID_TS_NEW_6OGR1KRI,0,0.08146288209606986
ID_TS_NEW_M904HEN7,1,0.7071894736842106
ID_TS_NEW_4Q1VMORA,1,0.7430105263157895
ID_TS_NEW_B4M5RZVC,1,0.5298315789473684
ID_TS_NEW_86XDAGNR,1,0.9256105263157894
ID_TS_NEW_U5U4HBC7,1,0.8006736842105263
ID_TS_NEW_MXO4ZHAN,0,0.3902663755458515
ID_TS_NEW_PU7JABVO,1,0.8801789473684211
ID_TS_NEW_XMBWZZT7,1,0.5158526315789473
ID_TS_NEW_VXLFAT1M,1,0.7893157894736842
ID_TS_NEW_JZD25EL3,1,0.6198210526315789
ID_TS_NEW_I5ACCV6M,0,0.04123144104803493
ID_TS_NEW_UJWYMMMU,1,0.8024210526315789
ID_TS_NEW_A1RHXGPK,1,0.6154526315789474
ID_TS_NEW_2URYKBFZ,1,0.9981263157894738
ID_TS_NEW_CMMRUR3G,1,0.5403157894736842
ID_TS_NEW_FW612T6C,1,0.5123578947368421
ID_TS_NEW_1CS8UYS9,0,0.1108209606986899
ID_TS_NEW_ZWWQSLD7,0,0.04014410480349345
ID_TS_NEW_EA4JTMPN,1,0.6704947368421053
ID_TS_NEW_IR03G83C,1,0.5079894736842105
ID_TS_NEW_787KXSJ1,1,0.8662000000000001
ID_TS_NEW_XRKT3S68,0,0.1467030567685589
ID_TS_NEW_I7OEL82L,1,0.5770105263157894
ID_TS_NEW_15AMNZV4,1,0.5831263157894737
ID_TS_NEW_FPOPLALB,0,0.247825327510917
ID_TS_NEW_Q3UZKCXE,1,0.7456315789473684
ID_TS_NEW_WLPH98CV,0,0.4576812227074236
ID_TS_NEW_664BGNAT,1,0.8260105263157895
ID_TS_NEW_35E82WBS,0,0.2402139737991266
ID_TS_NEW_734RECZA,0,0.4359344978165939
ID_TS_NEW_307CVA8Q,1,0.8932842105263158
ID_TS_NEW_Z0HVLG9U,0,0.3609082969432314
ID_TS_NEW_JTB4SJXI,0,0.2815327510917031
ID_TS_NEW_V4WLWKV3,1,0.5455578947368421
ID_TS_NEW_FLW9J4S4,0,0.08798689956331877
ID_TS_NEW_B1CH9SAB,0,0.01187336244541485
ID_TS_NEW_GX2HXCF6,1,0.6241894736842105
ID_TS_NEW_EMSKXGCE,1,0.5857473684210526
ID_TS_NEW_KLGP10DF,1,0.6407894736842106
ID_TS_NEW_I4H23LKH,1,0.6967052631578947
ID_TS_NEW_9QWP1T57,1,0.8539684210526316
ID_TS_NEW_23453CKF,1,0.9649263157894736
ID_TS_NEW_57V5FT9F,0,0.3424235807860262
ID_TS_NEW_E17N439X,0,0.1358296943231441
ID_TS_NEW_4GJVV1U3,1,0.7884421052631578
ID_TS_NEW_01OVVO6U,1,0.8557157894736842
ID_TS_NEW_NYL9HU9U,1,0.8015473684210526
ID_TS_NEW_NH3J0B6T,1,0.6932105263157895
ID_TS_NEW_3GN8MS8R,0,0.007524017467248908
ID_TS_NEW_UT77JB2A,0,0.4620305676855895
ID_TS_NEW_GYSEZA48,1,0.888042105263158
ID_TS_NEW_CRS4Q1J7,0,0.06950218340611354
ID_TS_NEW_M8RSKXZW,1,0.9439578947368421
ID_TS_NEW_GCZJCJ4R,1,0.9194947368421053
ID_TS_NEW_DFS350DJ,1,0.7447578947368421
ID_TS_NEW_KAW7VQ1X,0,0.2924061135371179
ID_TS_NEW_IJE6E5TM,1,0.5918631578947369
ID_TS_NEW_0CMKCYBI,0,0.3804803493449782
ID_TS_NEW_L7UIG5I4,1,0.7246631578947369
ID_TS_NEW_QY0KEXU1,0,0.1619257641921397
ID_TS_NEW_61LA3V8E,0,0.2206419213973799
ID_TS_NEW_6O0DKUD3,0,0.036882096069869
ID_TS_NEW_7UK2SQ0V,0,0.2108558951965065
ID_TS_NEW_RK3L5EM1,0,0.03470742358078602
ID_TS_NEW_GDSW7P3B,0,0.4805152838427947
ID_TS_NEW_26LPDIOE,0,0.3793930131004367
ID_TS_NEW_9KIR7L5E,0,0.3391615720524017
ID_TS_NEW_DG51IEXG,0,0.2065065502183406
ID_TS_NEW_KTE9H1GU,0,0.1836724890829694
ID_TS_NEW_H22YJSEH,1,0.6233157894736843
ID_TS_NEW_THXP3CTQ,0,0.1434410480349345
ID_TS_NEW_07RJBRSL,0,0.2347772925764192
ID_TS_NEW_9R0O7FWH,1,0.5735157894736842
ID_TS_NEW_ZR7HGELZ,1,0.9229894736842106
ID_TS_NEW_R0N1HPF8,1,0.9955052631578947
ID_TS_NEW_6Y8T1XZ8,0,0.01296069868995633
ID_TS_NEW_030K8WXY,1,0.5473052631578947
ID_TS_NEW_BVOHFIMT,1,0.7613578947368421
ID_TS_NEW_7HXWL7TS,1,0.5971052631578947
ID_TS_NEW_GBQADUFK,1,0.9203684210526315
ID_TS_NEW_1T141OEA,1,0.9780315789473684
ID_TS_NEW_DUNSGK3E,0,0.08907423580786025
ID_TS_NEW_A9L6RTK7,1,0.6119578947368421
ID_TS_NEW_QE0SVG6R,1,0.581378947368421
ID_TS_NEW_E0NAZGOI,1,0.6661263157894737
ID_TS_NEW_7JFGNTCE,0,0.2271659388646288
ID_TS_NEW_TDHXJ753,1,0.8242631578947368
ID_TS_NEW_33K1032Q,1,0.8871684210526316
ID_TS_NEW_N7RB794L,0,0.2086812227074236
ID_TS_NEW_GTD1IAAB,1,0.7255368421052631
ID_TS_NEW_EL9QGUX9,1,0.6843241152264093
ID_TS_NEW_YVMNWLPB,1,0.5175999999999999
ID_TS_NEW_UMG40XAH,1,0.9623052631578948
ID_TS_NEW_HXIVU3Q2,0,0.1717117903930131
ID_TS_NEW_RNZRQ0KS,1,0.7508736842105264
ID_TS_NEW_31BSEPT0,0,0.4642052401746725
ID_TS_NEW_WI11LQCH,0,0.499
ID_TS_NEW_3O5Z8AAZ,0,0.1793231441048035
ID_TS_NEW_IVOK01PO,0,0.1597510917030568
ID_TS_NEW_H0EBV0WK,1,0.5289578947368421
ID_TS_NEW_QXFDQ0OI,1,0.9806526315789474
ID_TS_NEW_0XJTVRHZ,1,0.7412631578947368
ID_TS_NEW_FFS1TEEO,1,0.9867684210526315
ID_TS_NEW_Q3LWL614,0,0.465292576419214
ID_TS_NEW_APUT1QE0,0,0.2717467248908297
ID_TS_NEW_ZEDA631H,0,0.08472489082969432
ID_TS_NEW_BNM8NPRI,1,0.5263368421052632
ID_TS_NEW_PM2QHRXX,1,0.5114842105263158
ID_TS_NEW_RK7EEIG1,0,0.3739563318777293
ID_TS_NEW_86L11W21,1,0.5595368421052631
ID_TS_NEW_Y7QOIPQ6,1,0.9797789473684211
ID_TS_NEW_GV88IGXW,0,0.178235807860262
ID_TS_NEW_WTK1NRPE,0,0.393528384279476
ID_TS_NEW_0I9DK02D,1,0.8749368421052632
ID_TS_NEW_OA9TX3XZ,0,0.04775545851528384
ID_TS_NEW_RWG0QFIZ,0,0.2728340611353712
ID_TS_NEW_NUYP0EJM,1,0.9789052631578947
ID_TS_NEW_710E4Q9Z,0,0.1238689956331878
ID_TS_NEW_FQL1U58P,1,0.7727157894736842
ID_TS_NEW_AWI8RFGB,1,0.8994
ID_TS_NEW_1ZMKLTEB,0,0.3065414847161572
ID_TS_NEW_IEW2QZVI,1,0.9221157894736842
ID_TS_NEW_QNFINCK8,1,0.5665263157894737
ID_TS_NEW_MOV2YTPP,0,0.1488777292576419
ID_TS_NEW_H4WRDE3G,1,0.9448315789473685
ID_TS_NEW_K08DPGF2,0,0.04449344978165939
ID_TS_NEW_M1G8BJIF,0,0.1521397379912664
ID_TS_NEW_O5RWKI5H,1,0.7229157894736842
ID_TS_NEW_ZLCUY2VV,0,0.1162576419213974
ID_TS_NEW_6SFHQ69C,0,0.4141877729257642
ID_TS_NEW_GIYLLGE0,0,0.06732751091703057
ID_TS_NEW_K26Y77IG,0,0.3641703056768559
ID_TS_NEW_ZNHRRD9V,0,0.2543493449781659
ID_TS_NEW_Y4O3A54Y,1,0.5184736842105263
ID_TS_NEW_4GG3KM40,1,0.9343473684210526
ID_TS_NEW_VBHT4FI4,0,0.3098034934497816
ID_TS_NEW_PDZ37CJW,1,0.7063157894736842
ID_TS_NEW_SDI04A43,0,0.1532270742358079
ID_TS_NEW_6830N9DA,1,0.8959052631578948
ID_TS_NEW_PXZ4AR77,0,0.1641004366812227
ID_TS_NEW_6URRKGIL,0,0.429410480349345
ID_TS_NEW_6KHQ9M05,0,0.2869694323144105
ID_TS_NEW_RXUOHVU7,1,0.8906631578947368
ID_TS_NEW_05H6TLM4,0,0.3848296943231441
ID_TS_NEW_V2QJG5TR,1,0.8705684210526317
ID_TS_NEW_WP6T8IAW,1,0.7325263157894737
ID_TS_NEW_E1MIFU7P,0,0.2021572052401747
ID_TS_NEW_ZT51DLKT,0,0.4533318777292576
ID_TS_NEW_GCU1H6K0,1,0.7124315789473684
ID_TS_NEW_NKWJSDPH,0,0.4261484716157205
ID_TS_NEW_M7QR2UL2,1,0.8574631578947368
ID_TS_NEW_JWBICG54,1,0.5577894736842105
ID_TS_NEW_HOZT6BV1,1,0.7797052631578947
ID_TS_NEW_OKYF0AKD,1,0.5481789473684211
ID_TS_NEW_V5E1C7QL,1,0.6416631578947368
ID_TS_NEW_66LELD8D,0,0.2532620087336244
ID_TS_NEW_421T2LN9,1,0.8190210526315789
ID_TS_NEW_MD0LKTFZ,0,0.1216943231441048
ID_TS_NEW_1J8AG4HT,1,0.9378421052631579
ID_TS_NEW_4O12HQOQ,0,0.4391965065502183
ID_TS_NEW_BQBGZGNZ,1,0.5141052631578947
ID_TS_NEW_A0607KMM,0,0.3663449781659389
ID_TS_NEW_KC0UHWNX,1,0.797178947368421
ID_TS_NEW_4GUK0HFX,1,0.5106105263157895
ID_TS_NEW_ML6G2B51,1,0.7334000000000001
ID_TS_NEW_ED9LUTPE,1,0.6224421052631579
ID_TS_NEW_AA6H3GPA,0,0.06297816593886463
ID_TS_NEW_7ESQHTYI,0,0.01622270742358078
ID_TS_NEW_O55M9X7U,0,0.1347423580786026
ID_TS_NEW_PL6T6IWK,0,0.4761659388646288
ID_TS_NEW_9ZFR9I8Z,1,0.9483263157894737
ID_TS_NEW_PX5R7ZSQ,0,0.1206069868995633
ID_TS_NEW_0EI5QGYD,0,0.3108908296943231
ID_TS_NEW_AX2TDYAF,0,0.3239388646288209
ID_TS_NEW_SNY1T9A8,1,0.8618315789473685
ID_TS_NEW_9S9US1LH,0,0.2641353711790393
ID_TS_NEW_AA2DZKQN,1,0.999
ID_TS_NEW_3VRZVQD8,0,0.4185371179039301
ID_TS_NEW_5ULUH5OV,0,0.3859170305676856
ID_TS_NEW_CMYYB321,0,0.2771834061135371
ID_TS_NEW_N2P0QWI9,1,0.8399894736842105
ID_TS_NEW_JDBTCTPS,0,0.1260436681222707
ID_TS_NEW_FYGP3QLQ,0,0.3163275109170305
ID_TS_NEW_A49AXYDD,0,0.3185021834061135
ID_TS_NEW_RLPLFNYO,1,0.7657263157894737
ID_TS_NEW_TDIZM9RV,1,0.5499263157894737
ID_TS_NEW_ACXMR74T,1,0.719421052631579
ID_TS_NEW_QH6DU9KK,1,0.5446842105263158
ID_TS_NEW_5REDVD34,0,0.2032445414847162
ID_TS_NEW_N62QO44R,0,0.2130305676855895
ID_TS_NEW_OJ09YX0V,0,0.09124890829694322
ID_TS_NEW_6UWJN60H,1,0.8740631578947369
ID_TS_NEW_NOCMDM82,0,0.4402838427947598
ID_TS_NEW_1UXT6KSH,0,0.2010698689956332
ID_TS_NEW_TT48FCUQ,1,0.5997263157894737
ID_TS_NEW_51OZTP0A,0,0.2989301310043668
ID_TS_NEW_M6Y0D896,1,0.9474526315789473
ID_TS_NEW_72CROHXV,1,0.9125052631578947
ID_TS_NEW_2K8QS1GC,1,0.7054421052631579
ID_TS_NEW_CWNDIQPM,0,0.01078602620087336
ID_TS_NEW_IVYEPUNP,1,0.9395894736842105
ID_TS_NEW_QHB5P0MF,1,0.6145789473684211
ID_TS_NEW_YT4JPXWS,1,0.8295052631578947
ID_TS_NEW_UR885LIW,1,0.7377684210526316
ID_TS_NEW_ZCDLD7IX,1,0.5350736842105264
ID_TS_NEW_OOR2GSYB,0,0.4348471615720524
ID_TS_NEW_0VP54BHV,1,0.9832736842105263
ID_TS_NEW_AM0HG8M9,1,0.8513473684210526
ID_TS_NEW_LOP5O84P,1,0.5874947368421053
ID_TS_NEW_ICW5KUGU,1,0.6486526315789474
ID_TS_NEW_D09FIIW0,1,0.9727894736842105
ID_TS_NEW_5HFD4N5U,0,0.02165938864628821
ID_TS_NEW_MCPPHTG3,1,0.5778842105263158
ID_TS_NEW_DE6U77M5,0,0.4435458515283843
ID_TS_NEW_A6LBIR3E,1,0.9754105263157895
ID_TS_NEW_TINW26NU,0,0.142353711790393
ID_TS_NEW_23SZ5KWA,1,0.6303052631578947
ID_TS_NEW_SICUGO4S,0,0.315240174672489
ID_TS_NEW_GD04IUBU,1,0.5936105263157895
ID_TS_NEW_B1PHIAV7,1,0.7980526315789473
ID_TS_NEW_ZW9VQCNA,1,0.6512736842105263
ID_TS_NEW_W984J50I,1,0.5752631578947368
ID_TS_NEW_IHCQY6NW,1,0.9858947368421053
ID_TS_NEW_RO4UI4OZ,0,0.422886462882096
ID_TS_NEW_H5ROJ86H,1,0.7342736842105263
ID_TS_NEW_873F8CT4,0,0.106471615720524
ID_TS_NEW_AJQLAN52,1,0.9885157894736842
ID_TS_NEW_IPKZNIG4,1,0.9675473684210527
ID_TS_NEW_0UJHS08O,0,0.3348122270742358
ID_TS_NEW_D72PLI7P,1,0.7587368421052632
ID_TS_NEW_8ZKVOTOO,1,0.9492
ID_TS_NEW_KO31RKB4,0,0.2097685589519651
ID_TS_NEW_SW265M3W,1,0.8688210526315789
ID_TS_NEW_AUCS9HJ7,1,0.894157894736842
ID_TS_NEW_QM19T1MG,1,0.7368947368421053
ID_TS_NEW_DS9GMA00,1,0.9666736842105264
ID_TS_NEW_3VTKFIA2,0,0.07602620087336244
ID_TS_NEW_MI5X0N2B,0,0.3880917030567685
ID_TS_NEW_VG0MW3VQ,0,0.144528384279476
ID_TS_NEW_MA3UTG0V,1,0.6469052631578948
ID_TS_NEW_UW01VY97,0,0.01839737991266376
ID_TS_NEW_16NMLX5O,1,0.7674736842105263
ID_TS_NEW_6ND66KN2,1,0.6521473684210526
ID_TS_NEW_599B8OTC,1,0.8417368421052631
ID_TS_NEW_8FE7IAL3,0,0.3043668122270742
ID_TS_NEW_NUE1CTF8,1,0.8487263157894737
ID_TS_NEW_ONOD8BQW,0,0.04884279475982532
ID_TS_NEW_WQIIPD9K,1,0.6923368421052631
ID_TS_NEW_DXEQJ3BZ,0,0.1499650655021834
ID_TS_NEW_ZGFZURMY,0,0.1336550218340611
ID_TS_NEW_4H1XMYRJ,1,0.702821052631579
ID_TS_NEW_J58JBZBE,1,0.9334736842105262
ID_TS_NEW_YKR2C9TW,1,0.9457052631578947
ID_TS_NEW_PMPE9EKK,1,0.7561157894736842
ID_TS_NEW_F31V7CSA,0,0.3500349344978166
ID_TS_NEW_KOD0K8F7,0,0.3304628820960698
ID_TS_NEW_21HVN07S,1,0.5525473684210527
ID_TS_NEW_1Z98XIFK,1,0.7735894736842106
ID_TS_NEW_CRSGBJ05,1,0.5289828953245256
ID_TS_NEW_JWBAPTGK,0,0.3717816593886463
ID_TS_NEW_BMK3T54Y,1,0.5254631578947369
ID_TS_NEW_PPV50YOA,1,0.6975789473684211
ID_TS_NEW_6GB9NIP1,1,0.769221052631579
ID_TS_NEW_NET4XV49,1,0.8129052631578948
ID_TS_NEW_0XQ8B0DG,0,0.09886026200873362
ID_TS_NEW_BYMKVNU9,0,0.02383406113537118
ID_TS_NEW_07VU7AYD,1,0.9212421052631579
ID_TS_NEW_241G22NO,1,0.570021052631579
ID_TS_NEW_LWTQM9C9,1,0.6023473684210526
ID_TS_NEW_BQDD9W1X,1,0.9273578947368422
ID_TS_NEW_RSEPFRWH,1,0.9090105263157895
ID_TS_NEW_2ZFLXWNT,1,0.8696947368421053
ID_TS_NEW_N1YX1AZF,1,0.6399157894736842
ID_TS_NEW_LYCATLVE,0,0.09451091703056769
ID_TS_NEW_SZGMN2ON,0,0.3978777292576419
ID_TS_NEW_7RI5I6A5,1,0.7299052631578947
ID_TS_NEW_BNW7GE9H,1,0.5761368421052632
ID_TS_NEW_9C7NLOUP,0,0.3478602620087336
ID_TS_NEW_T1Y2EK3V,0,0.4065764192139738
ID_TS_NEW_7PNY5JTW,1,0.7700947368421053
ID_TS_NEW_CVD4XYUJ,0,0.1173449781659389
ID_TS_NEW_08LXR7W6,1,0.8461052631578947
ID_TS_NEW_OKZO45JO,1,0.7316526315789473
ID_TS_NEW_9SU8HXW9,0,0.008611353711790393
ID_TS_NEW_06KY9UJ2,1,0.7832
ID_TS_NEW_JO0GH1OO,0,0.3206768558951965
ID_TS_NEW_EFJTI828,1,0.7185473684210526
ID_TS_NEW_WB2EC0I4,0,0.1282183406113537
ID_TS_NEW_9X9B8YIA,1,0.5062421052631579
ID_TS_NEW_BPPRZXK4,1,0.9911368421052631
ID_TS_NEW_3O9CNLQI,1,0.8766842105263157
ID_TS_NEW_OGP9Y71P,1,0.9002736842105263
ID_TS_NEW_PHE5MOZA,0,0.4903013100436681
ID_TS_NEW_F6OCM3ZV,1,0.8670736842105263
ID_TS_NEW_9KWKF9NV,0,0.2891441048034935
ID_TS_NEW_N6WLLS8S,0,0.3957030567685589
ID_TS_NEW_45K3JAJL,1,0.6739894736842105
ID_TS_NEW_HT8D1JR3,0,0.4565938864628821
ID_TS_NEW_UOBHC38I,1,0.5348893071696671
ID_TS_NEW_AXL426AU,0,0.08363755458515283
ID_TS_NEW_LZ1XASI6,1,0.6180736842105263
ID_TS_NEW_ZQFF99LO,0,0.1586637554585153
ID_TS_NEW_50P1ZR2Q,1,0.7351473684210527
ID_TS_NEW_10WZUUIN,1,0.6311789473684211
ID_TS_NEW_F3DHXOCW,1,0.6582631578947369
ID_TS_NEW_RA18F8RX,0,0.1119082969432314
ID_TS_NEW_FGCB2475,1,0.8059157894736841
ID_TS_NEW_C4XXMZHC,0,0.2847947598253275
ID_TS_NEW_6WQM99JC,1,0.6434105263157894
ID_TS_NEW_3W768OAG,0,0.1249563318777293
ID_TS_NEW_15M9TH0T,0,0.009698689956331878
ID_TS_NEW_KCHCI716,1,0.6040947368421052
ID_TS_NEW_S7PTDWYJ,1,0.6556421052631579
ID_TS_NEW_YSIHMUE3,1,0.8600842105263158
ID_TS_NEW_R8HHF7N2,0,0.07493886462882096
ID_TS_NEW_CAU4JI0A,0,0.2554366812227074
ID_TS_NEW_15IYYDJG,1,0.7744631578947369
ID_TS_NEW_U4ZG1QPF,0,0.2586986899563319
ID_TS_NEW_DOI2V87G,1,0.9841473684210527
ID_TS_NEW_06VNWQQY,1,0.7395157894736842
ID_TS_NEW_L4979A3K,1,0.8758105263157895
ID_TS_NEW_RX91IYK5,1,0.501
ID_TS_NEW_UYX7G2HS,0,0.3870043668122271
ID_TS_NEW_RZU3MUHQ,1,0.9596842105263158
ID_TS_NEW_FMOQOQQ7,0,0.3630829694323144
ID_TS_NEW_NT3NPGE8,1,0.9387157894736842
ID_TS_NEW_YDXMZ3SR,0,0.2565240174672489
ID_TS_NEW_WBKYZZXX,1,0.9011473684210527
ID_TS_NEW_Z7WHKS3T,1,0.5359473684210526
ID_TS_NEW_V18QL4VJ,1,0.6530210526315789
ID_TS_NEW_B6AVU00V,1,0.680978947368421
ID_TS_NEW_PL696U0H,1,0.8810526315789473
ID_TS_NEW_BSR1TN5X,0,0.4413711790393013
ID_TS_NEW_HGA2YW48,1,0.6451578947368422
ID_TS_NEW_ABR393FD,1,0.603221052631579
ID_TS_NEW_9OVGM878,1,0.5927368421052631
ID_TS_NEW_6CGN5JCU,0,0.02492139737991266
ID_TS_NEW_BHMJ42LB,1,0.813778947368421
ID_TS_NEW_RT7J1KH3,0,0.4207117903930131
ID_TS_NEW_TOD2UYV3,0,0.1630131004366812
ID_TS_NEW_B33WNMN3,1,0.935221052631579
ID_TS_NEW_3C7V259U,1,0.8592105263157894
ID_TS_NEW_RQBGGG9T,0,0.4500698689956332
ID_TS_NEW_U54DFR7B,1,0.8793052631578948
ID_TS_NEW_O6IFBH76,1,0.8434842105263158
ID_TS_NEW_FBVNRB5Q,1,0.6827263157894736
ID_TS_NEW_6VURNWUH,0,0.1999825327510917
ID_TS_NEW_85X8EE04,0,0.1988951965065502
ID_TS_NEW_KLPUOOY4,1,0.8050421052631579
ID_TS_NEW_PXI6OT32,1,0.8530947368421052
ID_TS_NEW_54YB9PAF,0,0.3674323144104804
ID_TS_NEW_AJQ25E1G,1,0.7989263157894737
ID_TS_NEW_22Q0CVT6,0,0.2934934497816594
ID_TS_NEW_I10RD2RL,1,0.8723157894736842
ID_TS_NEW_LTR2QCUY,1,0.6189473684210527
ID_TS_NEW_3VV32XQX,0,0.2630480349344978
ID_TS_NEW_VFXWCQH4,0,0.0292707423580786
ID_TS_NEW_FPIONUVS,1,0.8950315789473684
ID_TS_NEW_UZV8VPGJ,0,0.03362008733624454
ID_TS_NEW_FM3N3F71,1,0.5245894736842105
ID_TS_NEW_QA3IC9KD,0,0.4881266375545851
ID_TS_NEW_HVKYTOZS,1,0.8644526315789474
ID_TS_NEW_DQOADKC1,0,0.4478951965065502
ID_TS_NEW_CDE19IT9,0,0.2434759825327511
ID_TS_NEW_GH344KGC,1,0.5866210526315789
ID_TS_NEW_R2T5XDBA,1,0.9692947368421052
ID_TS_NEW_H3K52PWR,1,0.5901157894736841
ID_TS_NEW_CFNGOBMV,0,0.4076637554585152
ID_TS_NEW_T4ZX0TI9,1,0.7919368421052632
ID_TS_NEW_G1Z2IQMJ,1,0.5944842105263158
ID_TS_NEW_5ZYQLFA4,1,0.8172736842105264
ID_TS_NEW_M3VFN3GR,1,0.7596105263157895
ID_TS_NEW_6ALLJGSU,1,0.7281578947368421
ID_TS_NEW_LUO5HB2Z,1,0.5464315789473684
ID_TS_NEW_TT29SXH6,0,0.05754148471615721
ID_TS_NEW_HGPMD5LQ,0,0.2304279475982533
ID_TS_NEW_EVIY7CFX,1,0.6774842105263158
ID_TS_NEW_YFECGGWI,1,0.9631789473684211
ID_TS_NEW_TNQOCA6P,0,0.2576113537117904
ID_TS_NEW_CS0G1TDW,1,0.7360210526315789
ID_TS_NEW_11OXJ167,0,0.03035807860262009
ID_TS_NEW_EDU28KVK,0,0.2282532751091703
ID_TS_NEW_7CJUBG12,1,0.6093607999123525
ID_TS_NEW_58AGE9UU,1,0.7403894736842105
ID_TS_NEW_5VCZRPNT,0,0.4750786026200873
ID_TS_NEW_KVVOH9EG,1,0.9098842105263159
ID_TS_NEW_REIJDWOE,1,0.9605578947368421
ID_TS_NEW_N0EJ1HEN,1,0.9317263157894737
ID_TS_NEW_LJZ4MO7L,1,0.7840736842105263
ID_TS_NEW_QUZTA2JQ,1,0.8828
ID_TS_NEW_F27CKE40,0,0.1021222707423581
ID_TS_NEW_Y9RIWYH4,0,0.2391266375545851
ID_TS_NEW_MOFMXDN5,1,0.9762842105263159
ID_TS_NEW_B7QWVT3L,1,0.6608842105263157
ID_TS_NEW_JY8CIFZT,1,0.7089368421052632
ID_TS_NEW_5NOABH62,0,0.03144541484716157
ID_TS_NEW_UJGGK7TR,1,0.6844736842105263
ID_TS_NEW_STSN1YHF,0,0.2619606986899563
ID_TS_NEW_KHNO9WA2,0,0.2358646288209607
ID_TS_NEW_23YTIWZS,0,0.2695720524017467
ID_TS_NEW_CWP6UK74,0,0.3054541484716157
ID_TS_NEW_DTFI1IY4,1,0.9736631578947368
ID_TS_NEW_ZLQ0Z6PC,0,0.3543842794759825
ID_TS_NEW_UP5ZZ8UG,0,0.1271310043668122
ID_TS_NEW_K99F83M7,0,0.3750436681222707
ID_TS_NEW_RKDRZJJ1,1,0.7718421052631579
ID_TS_NEW_R8LFTJ2J,0,0.285882096069869
ID_TS_NEW_RIFCBG2N,1,0.5342
ID_TS_NEW_AFKKUQN9,1,0.7036947368421053
ID_TS_NEW_LJQRQ88R,1,0.6329263157894737
ID_TS_NEW_H7VOTRPD,0,0.1901965065502183
ID_TS_NEW_60OOD3ZZ,1,0.7290315789473685
ID_TS_NEW_EOT5KPEQ,0,0.005349344978165939
ID_TS_NEW_S05UNLM3,0,0.02057205240174673
ID_TS_NEW_TEJAQVXV,0,0.05862882096069869
ID_TS_NEW_G69T8ZJA,1,0.6766105263157894
ID_TS_NEW_D7DQRQAZ,0,0.1412663755458515
ID_TS_NEW_6MUUXPH8,1,0.8565894736842106
ID_TS_NEW_L62BSQEH,0,0.2673973799126638
ID_TS_NEW_OMNNTS0V,1,0.6696210526315789
ID_TS_NEW_OTTZX8S1,0,0.09668558951965064
ID_TS_NEW_1RB4ZKC2,1,0.8775578947368421
ID_TS_NEW_AR58BTVE,1,0.6626315789473685
ID_TS_NEW_TKUUKF6I,1,0.5979789473684211
ID_TS_NEW_17H5H6XP,1,0.7936842105263158
ID_TS_NEW_T41G2DDD,0,0.06189082969432314
ID_TS_NEW_RYPIPHV4,0,0.1369170305676856
ID_TS_NEW_NJCQ15ZY,1,0.9360947368421053
ID_TS_NEW_LK451D9G,0,0.1554017467248908
ID_TS_NEW_98AEJE62,1,0.6268105263157895
ID_TS_NEW_SQ9G9PVO,1,0.8548421052631578
ID_TS_NEW_SI6TA9KI,0,0.06080349344978166
ID_TS_NEW_JHU6MG2B,1,0.75
ID_TS_NEW_QSV58M51,0,0.4555065502183406
ID_TS_NEW_O9VFBVDA,0,0.2967554585152838
ID_TS_NEW_VAJNXRAS,1,0.584
ID_TS_NEW_I4800P8U,1,0.9063894736842105
ID_TS_NEW_7M6RU7A6,0,0.2326026200873362
ID_TS_NEW_2F574JVS,0,0.3826550218340611
ID_TS_NEW_IGE8Q8EO,0,0.3326375545851528
ID_TS_NEW_A8GB6ZHI,0,0.1129956331877729
ID_TS_NEW_VKVY135X,1,0.9081368421052631
ID_TS_NEW_FYU8VT0O,1,0.531578947368421
ID_TS_NEW_Q74YPXGC,1,0.7098105263157894
ID_TS_NEW_7I7X9LYN,1,0.5542947368421053
ID_TS_NEW_IVMA2Y87,0,0.3261135371179039
ID_TS_NEW_VEI120DX,0,0.3435109170305677
ID_TS_NEW_O8BXGQEE,1,0.9159999999999999
ID_TS_NEW_6JY8SNMG,1,0.6643789473684211
ID_TS_NEW_VD9XZOXS,1,0.6260998017788013
ID_TS_NEW_P5MJJJAQ,1,0.8207684210526316
ID_TS_NEW_W2V7EFZ1,1,0.8338736842105263
ID_TS_NEW_9G9SBX90,0,0.4587685589519651
ID_TS_NEW_VCPDZBH0,0,0.4816026200873362
ID_TS_NEW_UID38FVV,0,0.3337248908296943
ID_TS_NEW_FCGZ0FWE,1,0.5324526315789474
ID_TS_NEW_GWR5JYME,1,0.6870947368421052
ID_TS_NEW_QEOU5F5D,1,0.7176736842105264
ID_TS_NEW_15QS2OWJ,1,0.9937578947368422
ID_TS_NEW_R9ONEUON,1,0.6748631578947368
ID_TS_NEW_3BPHOV8X,0,0.3032794759825327
ID_TS_NEW_6EUOKYQG,1,0.6381684210526316
ID_TS_NEW_YD33AEIJ,1,0.5132315789473684
ID_TS_NEW_O4WIAVZE,1,0.5394421052631579
ID_TS_NEW_719PIPMX,1,0.5071157894736842
ID_TS_NEW_8XPRNVFW,1,0.6675152087190137
ID_TS_NEW_0KWD29QW,0,0.1184323144104803
ID_TS_NEW_MX9M43GA,0,0.004262008733624454
ID_TS_NEW_4XRKPRCD,0,0.4957379912663755
ID_TS_NEW_NRM2HPYK,1,0.821642105263158
ID_TS_NEW_WP3A4ZPP,1,0.6355473684210526
ID_TS_NEW_TSC7AU73,1,0.9107578947368421
ID_TS_NEW_0A4QC38H,0,0.0151353711790393
ID_TS_NEW_CD6NOEII,1,0.852221052631579
ID_TS_NEW_J2VHG8SF,1,0.9658
ID_TS_NEW_NPK6JRZN,1,0.6049684210526316
ID_TS_NEW_Q0UPI8AC,0,0.1814978165938864
ID_TS_NEW_T775YDOM,0,0.04666812227074236
ID_TS_NEW_KI0YVEFR,0,0.3000174672489083
ID_TS_NEW_9ST4WHKB,1,0.6836
ID_TS_NEW_M7D7QDLA,1,0.8784315789473685
ID_TS_NEW_SJPRTDZP,0,0.05971615720524017
ID_TS_NEW_I4XGRMR3,1,0.9151263157894737
ID_TS_NEW_0MA9C1RO,1,0.6276842105263158
ID_TS_NEW_UON6LF6V,1,0.7150526315789474
ID_TS_NEW_5IATBV23,1,0.7438842105263158
ID_TS_NEW_40ED28PM,1,0.5621578947368421
ID_TS_NEW_F73RTVU6,0,0.2826200873362446
ID_TS_NEW_JU913KS8,1,0.9526947368421053
ID_TS_NEW_LJFISIBD,1,0.6940842105263159
ID_TS_NEW_7NF2ABHO,0,0.0716768558951965
ID_TS_NEW_IBCWEGPJ,0,0.1673624454148472
ID_TS_NEW_01T3I13F,1,0.8155263157894737
ID_TS_NEW_C5LTMNBW,1,0.9142526315789474
ID_TS_NEW_M09FIGT7,1,0.9588105263157894
ID_TS_NEW_UTWNJYO0,0,0.1880218340611354
ID_TS_NEW_ROSUF228,1,0.5202210526315789
ID_TS_NEW_FA5RTLK4,1,0.9072631578947368
ID_TS_NEW_T50CBLXJ,0,0.4011397379912663
ID_TS_NEW_RR65036C,0,0.1967205240174672
ID_TS_NEW_6AF9QJRM,1,0.5280842105263158
ID_TS_NEW_3GBS3RNM,0,0.09233624454148472
ID_TS_NEW_9TAATNYV,1,0.8443578947368421
ID_TS_NEW_PFHD41J2,1,0.5551684210526315
ID_TS_NEW_36726SKB,0,0.1293056768558952
ID_TS_NEW_82W12O2Z,1,0.5192047084079324
ID_TS_NEW_6KJDEK4T,1,0.5612842105263158
ID_TS_NEW_PH6DMDS2,0,0.03905676855895197
ID_TS_NEW_6YZJCWNV,1,0.6285578947368421
ID_TS_NEW_A81CQTDL,0,0.2608733624454148
ID_TS_NEW_58VULSJN,1,0.6635052631578947
ID_TS_NEW_MJTLD2YP,0,0.4000524017467249
ID_TS_NEW_238A6XRR,0,0.2913187772925764
ID_TS_NEW_T8BZ52U2,1,0.5586631578947369
ID_TS_NEW_7DR30MYB,1,0.6425368421052632
ID_TS_NEW_J87HRVI7,1,0.6565157894736842
ID_TS_NEW_IVB4JD1E,0,0.3489475982532751
ID_TS_NEW_0CGVBYES,1,0.7814526315789474
ID_TS_NEW_DXY53YSL,1,0.9876421052631579
ID_TS_NEW_VT67WIQ3,1,0.785821052631579
ID_TS_NEW_M9I50GKP,0,0.3815676855895196
ID_TS_NEW_LWK3C5DG,0,0.1151703056768559
ID_TS_NEW_KANAPXT9,0,0.3272008733624454
ID_TS_NEW_DUJNNUP2,0,0.0651528384279476
ID_TS_NEW_HYKKUVE7,1,0.8164
ID_TS_NEW_TSDO00M0,0,0.1456157205240175
ID_TS_NEW_W6YMJWYA,1,0.6888421052631579
ID_TS_NEW_WKA7WT4K,0,0.3456855895196506
ID_TS_NEW_PKSDTK08,1,0.6818526315789474
ID_TS_NEW_SXY3ADTC,0,0.2423886462882096
ID_TS_NEW_1D47OL8R,1,0.6538947368421053
ID_TS_NEW_52B6WJ32,1,0.6547684210526316
ID_TS_NEW_GRD3BLGR,1,0.5027473684210526
ID_TS_NEW_PH88CV2S,0,0.3587336244541485
ID_TS_NEW_9EYZ4TWS,1,0.6993263157894737
ID_TS_NEW_L5VGT8K9,0,0.08037554585152838
ID_TS_NEW_WNPLGRYU,1,0.8146526315789473
ID_TS_NEW_0SE0V0AD,0,0.006436681222707423
ID_TS_NEW_SYUPPUC5,0,0.25
ID_TS_NEW_SIWH60UT,1,0.7928105263157894
ID_TS_NEW_86UJ8ZKD,0,0.4196244541484716
ID_TS_NEW_5GMK0Y4X,0,0.1869344978165939
ID_TS_NEW_V3W27KFX,1,0.5649077776024276
ID_TS_NEW_XI7NCN4Q,0,0.05210480349344978
ID_TS_NEW_SIEW7KQS,0,0.05427947598253275
ID_TS_NEW_WOYA4G0N,1,0.7779578947368422
ID_TS_NEW_ECDFVWQL,1,0.6102105263157895
ID_TS_NEW_4LUQAL3W,0,0.391353711790393
ID_TS_NEW_2JG7DIKN,0,0.09994759825327511
ID_TS_NEW_1EUTB0SK,0,0.4315851528384279
ID_TS_NEW_37HYA1RO,1,0.7963052631578947
ID_TS_NEW_JEZTBO7F,1,0.6853473684210526
ID_TS_NEW_9U8ETBNY,1,0.9893894736842106
ID_TS_NEW_W2ZXQ2I9,0,0.3250262008733624
ID_TS_NEW_UE8WANCI,1,0.6320526315789474
ID_TS_NEW_6616WU68,0,0.02600873362445415
ID_TS_NEW_BKB0D2N7,1,0.7945578947368421
ID_TS_NEW_SED7KJ45,1,0.6958315789473684
ID_TS_NEW_ZCGWMCR9,1,0.7954315789473685
ID_TS_NEW_LASK6X4Y,1,0.5708947368421052
ID_TS_NEW_B25ZNYXD,1,0.5018736842105264
ID_TS_NEW_MGVDBRIV,1,0.8347473684210527
ID_TS_NEW_Q5PWQ0IX,1,0.9430842105263157
ID_TS_NEW_PCG5NEEF,0,0.4381091703056768
ID_TS_NEW_6WWW4AIU,1,0.8452315789473684
ID_TS_NEW_6394YNLS,1,0.8408631578947369
ID_TS_NEW_6WUJC7ED,0,0.1543144104803493
ID_TS_NEW_YU8Y76XX,0,0.1053842794759825
ID_TS_NEW_Z046L01H,1,0.9946315789473684
ID_TS_NEW_NK7ZGMZT,0,0.1608384279475983
ID_TS_NEW_A1WQRSJ2,0,0.4131004366812227
ID_TS_NEW_G7E8E105,1,0.5534210526315789
ID_TS_NEW_GWHC4PM8,1,0.9133789473684211
ID_TS_NEW_VOKEJ9FO,0,0.3924410480349345
ID_TS_NEW_JETPR092,1,0.7220421052631579
ID_TS_NEW_IQNXWV25,1,0.6573894736842105
ID_TS_NEW_6Q13YN5R,1,0.5717684210526316
ID_TS_NEW_B3C6J7TB,1,0.8181473684210526
ID_TS_NEW_5ZF5JTCQ,1,0.5508
ID_TS_NEW_KXHEDXGC,1,0.9238631578947368
ID_TS_NEW_W7YGBSUG,1,0.5088631578947368
ID_TS_NEW_SGILTTR2,1,0.7106842105263158
ID_TS_NEW_EU3LSA56,0,0.252174672489083
ID_TS_NEW_P4QPUW0J,1,0.9404631578947369
ID_TS_NEW_4JBC53DI,0,0.0434061135371179
ID_TS_NEW_79L0VLEC,1,0.6495263157894737
ID_TS_NEW_8H9WCE6X,1,0.5210947368421053
ID_TS_NEW_J3A73YWU,1,0.8198947368421052
ID_TS_NEW_CRVE0P7G,1,0.9046421052631579
ID_TS_NEW_KAN70U2W,0,0.3685196506550218
ID_TS_NEW_LMAQYMO5,0,0.4707292576419214
ID_TS_NEW_2CJXEMGJ,0,0.3011048034934498
ID_TS_NEW_O8RBNO2U,1,0.8364947368421053
ID_TS_NEW_UKE6YBR0,0,0.2510873362445415
ID_TS_NEW_79R5TOCA,0,0.3696069868995633
ID_TS_NEW_ACVR02CF,0,0.4424585152838428
ID_TS_NEW_4BL73603,0,0.4283231441048035
ID_TS_NEW_87KXYDOK,1,0.8967789473684211
ID_TS_NEW_4V92H6YE,1,0.7482526315789474
ID_TS_NEW_7L054U62,0,0.1651877729257642
ID_TS_NEW_Z3F45LL2,1,0.929978947368421
ID_TS_NEW_3J5N3HVI,1,0.6075894736842106
ID_TS_NEW_ZOVSC6OJ,1,0.9710421052631579
ID_TS_NEW_GRPQOQ8I,0,0.1477903930131004
ID_TS_NEW_FM6G6E5F,1,0.6600105263157895
ID_TS_NEW_88EXY6N1,1,0.7631052631578947
ID_TS_NEW_I06FCSN6,1,0.9771578947368421
ID_TS_NEW_CLQCH0JM,1,0.7849473684210526
ID_TS_NEW_9TJ5AHEG,0,0.1303930131004367
ID_TS_NEW_G7A77A4N,0,0.3619956331877729
ID_TS_NEW_5EBFNDHQ,0,0.2597860262008734
ID_TS_NEW_KGOC2NMK,1,0.6014736842105263
ID_TS_NEW_OYAAPB1V,0,0.3837423580786026
ID_TS_NEW_9M3HHAFV,0,0.1858471615720524
ID_TS_NEW_VK7NWT8K,0,0.1510524017467249
ID_TS_NEW_EJ0B66LO,0,0.3141528384279476
ID_TS_NEW_XL0ELFDC,1,0.8469789473684211
ID_TS_NEW_7ND324MS,0,0.108646288209607
ID_TS_NEW_PBR85N6S,1,0.9037684210526316
ID_TS_NEW_8AXJ3WIZ,0,0.3130655021834061
ID_TS_NEW_44GNQSRB,0,0.1945458515283843
ID_TS_NEW_BWAZ7PCY,1,0.5193473684210527
ID_TS_NEW_X5YTCO1A,1,0.9823999999999999
ID_TS_NEW_IHTNEHVD,1,0.7665999999999999
ID_TS_NEW_1PGIUBOK,1,0.6757368421052632
ID_TS_NEW_4GNA5VCY,1,0.6006
ID_TS_NEW_6YHIID35,0,0.1891091703056768
ID_TS_NEW_ZF2BP307,1,0.9500736842105263
ID_TS_NEW_G069C2A2,1,0.5411894736842106
ID_TS_NEW_TZSST3X3,0,0.4239737991266375
ID_TS_NEW_J68M3B4Y,1,0.6722421052631579
ID_TS_NEW_CRDQ4V9U,1,0.6590985941950047
ID_TS_NEW_22I6LG4H,1,0.9247368421052631
ID_TS_NEW_VIVX6ZUS,0,0.180410480349345
ID_TS_NEW_5JLPDXF3,1,0.9369684210526316
ID_TS_NEW_3R7HQZJX,0,0.1978078602620087
ID_TS_NEW_0BPO1TCT,1,0.5272105263157895
ID_TS_NEW_FG1E0UGW,0,0.2315152838427947
ID_TS_NEW_FZWF5P9O,1,0.8120315789473684
ID_TS_NEW_UHIKA69U,1,0.8373684210526315
ID_TS_NEW_ZEOZQ0IL,0,0.3087161572052401
ID_TS_NEW_6H6ZEGO1,1,0.7272842105263158
ID_TS_NEW_D61BK9QB,1,0.6346736842105263
ID_TS_NEW_QG38NVT3,0,0.07385152838427947
ID_TS_NEW_Y60A2BGW,1,0.6390421052631579
ID_TS_NEW_RRI07J57,1,0.647778947368421
ID_TS_NEW_ORFYH4QY,1,0.5385684210526316
ID_TS_NEW_OTWTCLZR,1,0.9614315789473684
ID_TS_NEW_RFPIZYME,0,0.2663100436681223
ID_TS_NEW_KDLRZNTP,0,0.494650655021834
ID_TS_NEW_1Y5XBEJU,1,0.7045684210526315
ID_TS_NEW_S3YYRKN9,0,0.2489126637554585
ID_TS_NEW_QBK0B1AN,1,0.5822526315789474
ID_TS_NEW_ETQGHLLG,0,0.4522445414847162
ID_TS_NEW_WXW6H2AJ,1,0.9282315789473684
ID_TS_NEW_RFXTF7XX,1,0.7352225314210736
ID_TS_NEW_AEJ8JS4K,0,0.3293755458515284
ID_TS_NEW_5W9WRER7,0,0.4163624454148471
ID_TS_NEW_GAD6EJ8A,0,0.4217991266375546
ID_TS_NEW_8B2C9I4A,0,0.3467729257641921
ID_TS_NEW_TN6KDDD6,0,0.317414847161572
ID_TS_NEW_CBBS4ZIX,0,0.3369868995633188
ID_TS_NEW_S9NS7C65,1,0.9465789473684211
ID_TS_NEW_KSOB30MV,0,0.4870393013100436
ID_TS_NEW_1SMQ86ZQ,1,0.7211684210526316
ID_TS_NEW_ERF29UBH,1,0.7910631578947369
ID_TS_NEW_AOKIO1OG,1,0.5962315789473684
ID_TS_NEW_TD11SRT3,1,0.7622315789473684
ID_TS_NEW_EAOGWQX8,0,0.2445633187772926
ID_TS_NEW_GLXTRE4S,1,0.9291052631578947
ID_TS_NEW_GAG8B21V,1,0.7534947368421052
ID_TS_NEW_66KVEEP1,1,0.968421052631579
ID_TS_NEW_IAA32RDQ,0,0.3413362445414847
ID_TS_NEW_SFPML3NY,0,0.01404803493449782
ID_TS_NEW_70NUHS6B,1,0.9509473684210527
ID_TS_NEW_511UOY5Q,0,0.4370218340611354
ID_TS_NEW_MBMRGQCN,1,0.6731157894736842
ID_TS_NEW_5P2S3VHA,0,0.2804454148471616
ID_TS_NEW_BY813WTG,0,0.4304978165938864
ID_TS_NEW_94LCABSJ,1,0.7788315789473684
ID_TS_NEW_J7CQV2OR,1,0.5892421052631579
ID_TS_NEW_DX9UEZQ6,1,0.564778947368421
ID_TS_NEW_UTIV8DAV,1,0.6687473684210526
ID_TS_NEW_NU6QEONN,1,0.7465052631578948
ID_TS_NEW_HBB8QC2Z,1,0.7491263157894736
ID_TS_NEW_WFN6PSBM,1,0.8032947368421053
ID_TS_NEW_4B1KXAYG,0,0.216292576419214
ID_TS_NEW_XOP2L4TL,1,0.8653263157894737
ID_TS_NEW_4CLM2M7U,1,0.9116315789473683
ID_TS_NEW_CK2GEQJP,1,0.752621052631579
ID_TS_NEW_HTKVLIGO,0,0.496825327510917
ID_TS_NEW_A4ILPABR,0,0.1032096069868996
ID_TS_NEW_UEPO198T,1,0.7000819996447278
ID_TS_NEW_JM1AS8KD,0,0.09777292576419214
ID_TS_NEW_NLZ1JO33,0,0.04993013100436681
ID_TS_NEW_SIN064PB,0,0.002087336244541485
ID_TS_NEW_ACGJ7C2O,1,0.9902631578947368
ID_TS_NEW_AQKYFFPQ,1,0.8303789473684211
ID_TS_NEW_FF0WBNVZ,0,0.2228165938864629
ID_TS_NEW_0LSF64PT,1,0.5656526315789474
ID_TS_NEW_40N3QOXJ,0,0.3989650655021834
ID_TS_NEW_5H5R6AXE,0,0.38917903930131
ID_TS_NEW_4T0QXPVS,0,0.3772183406113537
ID_TS_NEW_LAMABXQ5,0,0.4109257641921397
ID_TS_NEW_DLGS1HL8,1,0.6984526315789474
ID_TS_NEW_JRDG8UWG,1,0.6338
ID_TS_NEW_W5LO92UB,1,0.9518210526315789
ID_TS_NEW_M0H0NQHJ,0,0.4174497816593886
ID_TS_NEW_UDXQ8O8W,1,0.8583368421052632
ID_TS_NEW_884TR3E3,0,0.425061135371179
ID_TS_NEW_U86UBMI1,1,0.8102842105263157
ID_TS_NEW_YXJ2J8HD,0,0.4826899563318777
ID_TS_NEW_VNPS74X8,1,0.9168736842105263
ID_TS_NEW_DJIWCFC8,0,0.3728689956331878
ID_TS_NEW_0JAKY2IZ,0,0.321764192139738
ID_TS_NEW_1PJ03QE3,1,0.8085368421052632
ID_TS_NEW_U5TO402A,1,0.6801052631578948
ID_TS_NEW_IQKCEYVA,0,0.1771484716157205
ID_TS_NEW_HR7PDPR6,0,0.283707423580786
ID_TS_NEW_TGTR4CJR,0,0.2380393013100437
ID_TS_NEW_8PFPLVNZ,1,0.6163263157894737
ID_TS_NEW_VFDHDXKW,1,0.8067894736842105
ID_TS_NEW_EU7YDFQD,0,0.02274672489082969
ID_TS_NEW_M94MF2ZN,0,0.03796943231441048
ID_TS_NEW_J9F7ZC0K,1,0.9422105263157895
ID_TS_NEW_N684CKRM,1,0.6591368421052631
ID_TS_NEW_4XDWFTJK,0,0.2739213973799127
ID_TS_NEW_70BIIG68,1,0.780578947368421
ID_TS_NEW_OONQKG71,1,0.8251368421052632
ID_TS_NEW_YXLQKPA7,1,0.7133052631578948
ID_TS_NEW_3NN91B2N,1,0.7001999999999999
ID_TS_NEW_0LTO3Z4Z,0,0.06624017467248908
ID_TS_NEW_V86PRKW6,1,0.8312526315789474
ID_TS_NEW_LKZRCSQA,1,0.5029025307000491
ID_TS_NEW_EHKJQ6GN,0,0.4098384279475982
ID_TS_NEW_IM7M56QA,0,0.1380043668122271
ID_TS_NEW_9F4POYGT,0,0.1075589519650655
ID_TS_NEW_J757LPE4,1,0.5307052631578948
ID_TS_NEW_A0PJQFN1,0,0.0858122270742358
ID_TS_NEW_3NQAGX0G,1,0.6914631578947368
ID_TS_NEW_CI2Q0S1T,0,0.2413013100436681
ID_TS_NEW_69GQ0B3G,0,0.03253275109170305
ID_TS_NEW_E22OVY3B,0,0.355471615720524
ID_TS_NEW_2UU7FAJ7,1,0.5909894736842105
ID_TS_NEW_IAH6DRG2,0,0.2239039301310043
ID_TS_NEW_D1K1CZQG,0,0.4772532751091703
ID_TS_NEW_GOA69JTJ,1,0.7753368421052631
ID_TS_NEW_TAZQND4Q,1,0.7569894736842105
ID_TS_NEW_O17QIKCH,1,0.6678736842105263
ID_TS_NEW_PQ3WKA8R,1,0.5988526315789474
ID_TS_NEW_CFBDF436,0,0.2793580786026201
ID_TS_NEW_GYRBFGVZ,1,0.8391157894736843
ID_TS_NEW_IU6MN2VO,0,0.353296943231441
ID_TS_NEW_QP7BS9JE,1,0.8609578947368421
ID_TS_NEW_TENA028H,0,0.3967903930131004
ID_TS_NEW_Z0YAT6VV,1,0.5787578947368421
ID_TS_NEW_31H10R15,1,0.7168
ID_TS_NEW_63OVN901,1,0.8915368421052632
ID_TS_NEW_FWNORAZR,0,0.4848646288209607
ID_TS_NEW_I4T0FYO7,1,0.7901894736842106
ID_TS_NEW_PADJVEL9,1,0.8076631578947369
ID_TS_NEW_Y1XD0NDO,1,0.7639789473684211
ID_TS_NEW_BJ1E37GM,0,0.003174672489082969
ID_TS_NEW_28N84RMD,0,0.2260786026200873
ID_TS_NEW_2TUHK4JZ,1,0.985021052631579
ID_TS_NEW_C4SWC6CI,0,0.4033144104803493
ID_TS_NEW_8JPACMZ0,1,0.7578631578947368
ID_TS_NEW_YA6ID37J,1,0.7010736842105263
ID_TS_NEW_PJK2JM5O,1,0.8714421052631579
ID_TS_NEW_0W3A96EN,1,0.9579368421052632
ID_TS_NEW_1XLEXD6L,0,0.09342358078602619
ID_TS_NEW_VZSJ2ULH,0,0.1956331877729258
ID_TS_NEW_3EEFR82X,1,0.5953578947368421
ID_TS_NEW_FWM5SFO3,1,0.7683473684210527
ID_TS_NEW_RL6MX7V9,1,0.863578947368421
ID_TS_NEW_C7T1QVZB,1,0.8321263157894736
ID_TS_NEW_WUI1OUI7,1,0.5691473684210526
ID_TS_NEW_MMYKJQ8S,0,0.4022270742358078
ID_TS_NEW_461NZIN9,0,0.2075938864628821
ID_TS_NEW_6LDM3EK2,1,0.8094105263157895
ID_TS_NEW_SVISFCCQ,1,0.9745368421052631
ID_TS_NEW_HJV4LX31,1,0.5569157894736843
ID_TS_NEW_BJSXG3IM,1,0.5108724033343786
ID_TS_NEW_GRYI9G1C,1,0.5639052631578947
ID_TS_NEW_15DVCMZZ,0,0.4044017467248908
ID_TS_NEW_C7CX28F0,1,0.8504736842105263
ID_TS_NEW_AJQJ6B51,1,0.8889157894736842
ID_TS_NEW_6P22MWQ6,0,0.09016157205240174
ID_TS_NEW_RT36YQ9N,1,0.8426105263157895
ID_TS_NEW_7OZBWMW9,1,0.7517473684210526
ID_TS_NEW_FRQ38H3M,0,0.3706943231441048
ID_TS_NEW_8TGU2OAE,0,0.1390917030567685
ID_TS_NEW_SPRIILK7,1,0.8627052631578948
ID_TS_NEW_IMZZ7Q8V,1,0.827757894736842
ID_TS_NEW_8WAG4U9S,0,0.4120131004366812
ID_TS_NEW_Z9VETR2N,1,0.5726421052631578
ID_TS_NEW_XCJRPPVB,1,0.8976526315789474
ID_TS_NEW_V42AHOA4,1,0.536821052631579
ID_TS_NEW_OHCAMKEO,0,0.06406550218340611
ID_TS_NEW_TPLBTJ5D,0,0.02818340611353712
ID_TS_NEW_RAHI9TZ1,1,0.6215684210526315
ID_TS_NEW_45CI25AB,1,0.6294315789473685
ID_TS_NEW_R3GGH4HK,1,0.6949578947368421
ID_TS_NEW_X4Q2NH9A,0,0.3445982532751092
ID_TS_NEW_R4ED30RZ,1,0.8862947368421052
ID_TS_NEW_DF8P8Y2S,0,0.1564890829694323
ID_TS_NEW_B1JCEBZ0,0,0.1010349344978166
ID_TS_NEW_YSQKSDYI,0,0.03579475982532751
ID_TS_NEW_66NUKEUB,1,0.6504
ID_TS_NEW_963TLJIC,1,0.5682736842105263
ID_TS_NEW_D38BA796,1,0.7115578947368422
ID_TS_NEW_C00NIPXD,0,0.214117903930131
ID_TS_NEW_9RVB7PRI,0,0.01731004366812227
ID_TS_NEW_I1LU5Q2K,0,0.4468078602620087
ID_TS_NEW_0JAHMH31,1,0.7552421052631579
ID_TS_NEW_GWV3YEXA,0,0.4794279475982532
ID_TS_NEW_7KA55JG8,0,0.3228515283842794
ID_TS_NEW_YGYKL4KQ,0,0.1684497816593886
ID_TS_NEW_MZ9W3F31,1,0.6259368421052631
ID_TS_NEW_O3D090K9,1,0.6206947368421053
ID_TS_NEW_F0ASU9RB,0,0.4326724890829694
ID_TS_NEW_B5HB8CEW,0,0.2249912663755458
ID_TS_NEW_LYDF5CSF,0,0.2369519650655022
ID_TS_NEW_1HD6HIHG,1,0.5848736842105263
ID_TS_NEW_L8ES1CW9,0,0.07276419213973799
ID_TS_NEW_94X2H91Y,1,0.9020210526315789
ID_TS_NEW_0PUBZVX4,0,0.3315502183406113
ID_TS_NEW_MV1T6BUQ,1,0.6879684210526316
ID_TS_NEW_HM99C5OH,1,0.9264842105263158
ID_TS_NEW_F9EAQ7NH,1,0.7237894736842105
ID_TS_NEW_H8HMBK0P,1,0.5883684210526315
ID_TS_NEW_UPUUEAMV,0,0.1825851528384279
ID_TS_NEW_Y4B68E9O,0,0.104296943231441
ID_TS_NEW_6W0PZT0P,0,0.2760960698689956
ID_TS_NEW_VK1XTOP8,0,0.2293406113537118
ID_TS_NEW_WRFV0DTV,0,0.2750087336244542
ID_TS_NEW_NRWGWHPE,0,0.3282882096069869
ID_TS_NEW_D6FHITKM,1,0.5438105263157895
ID_TS_NEW_E2LI1BWR,1,0.7770842105263158
ID_TS_NEW_ZBB5IR6D,0,0.05101746724890829
ID_TS_NEW_C39WCSM2,1,0.8985263157894736
ID_TS_NEW_FO2MKW8D,1,0.5333263157894736
ID_TS_NEW_6610GQ4K,0,0.2978427947598253
ID_TS_NEW_4VWLX7CR,1,0.9028947368421052
ID_TS_NEW_HLTFMUB7,0,0.2684847161572052
ID_TS_NEW_NK8YMUPS,1,0.5382744842019054
ID_TS_NEW_XYWG3V75,1,0.7386421052631579
ID_TS_NEW_73369R7N,0,0.1227816593886463
ID_TS_NEW_KEGBLY3M,0,0.1727991266375546
ID_TS_NEW_LUUBPK4S,1,0.6792315789473684
ID_TS_NEW_DMGI7V2M,0,0.1934585152838428
ID_TS_NEW_H4PC0W2X,0,0.07058951965065502
ID_TS_NEW_K54YACSR,1,0.5376947368421052
ID_TS_NEW_B4WPDCRR,1,0.5167263157894737
ID_TS_NEW_KS00BCG6,0,0.4718165938864629
ID_TS_NEW_43ER9V9O,1,0.6460315789473684
ID_TS_NEW_F7PS2CVN,1,0.8225157894736842
ID_TS_NEW_11OSM6VP,0,0.2467379912663755
ID_TS_NEW_HZNASSZG,1,0.9553157894736842
ID_TS_NEW_CT8291Q0,0,0.35982096069869
ID_TS_NEW_8AALHLKW,0,0.4087510917030567
ID_TS_NEW_56KWODLL,0,0.3565589519650655
ID_TS_NEW_WY3KLABY,1,0.6442842105263158
ID_TS_NEW_EWZ7LQLQ,0,0.2043318777292576
ID_TS_NEW_7E8MVE82,1,0.8268842105263158
ID_TS_NEW_3GHR49ZB,1,0.9413368421052631
ID_TS_NEW_PKUH43JS,0,0.2456506550218341
ID_TS_NEW_OKTJ85M9,1,0.636421052631579
ID_TS_NEW_PX01I8GZ,0,0.4544192139737991
ID_TS_NEW_PUD7KAVY,1,0.5560421052631579
ID_TS_NEW_DLW8WIPJ,0,0.05536681222707424
ID_TS_NEW_TBY1IZA4,0,0.04231877729257642
ID_TS_NEW_VPZFVM3E,0,0.1706244541484716
ID_TS_NEW_RA6FO033,0,0.0792882096069869
ID_TS_NEW_8I5X5NQ7,1,0.7264105263157895
ID_TS_NEW_U1YRPFUA,1,0.9055157894736843
ID_TS_NEW_UIS4B2MM,1,0.5743894736842106
ID_TS_NEW_YYOSC0BB,1,0.5149789473684211
ID_TS_NEW_LE375J0J,1,0.5053684210526316
ID_TS_NEW_ZYR39WCP,1,0.8924105263157895
ID_TS_NEW_S5NHZR8Z,0,0.176061135371179
ID_TS_NEW_K13QU48R,1,0.918621052631579
ID_TS_NEW_URRKRQIT,1,0.7875684210526316
ID_TS_NEW_SNWDIVQC,0,0.1325676855895196
ID_TS_NEW_PU4TWGVJ,1,0.5674
ID_TS_NEW_DLHNL6WW,0,0.3076288209606987
ID_TS_NEW_RFBCIMPB,1,0.7202947368421053
ID_TS_NEW_Y580TZYD,0,0.2782707423580786
